actor,degree,betweenness,closeness,pagerank,eigenvector
Sabino Fernández Campo,19,0.4954861111111111,0.7619047619047619,0.019123036308782676,0.03553204484141117
Emilio Manglano,5,0.23541666666666666,0.5714285714285714,0.011511018779393872,0.008489589683030697
Luis Torres Rojas,118,0.09562500000000003,0.8888888888888888,0.06338801597335528,0.2464348227171131
Francisco Laína,42,0.09250000000000001,0.8888888888888888,0.029187377332878524,0.07348872309981665
Alexander Haig,10,0.0923611111111111,0.6153846153846154,0.013767399991557155,0.015205719685240439
Sánchez Valiente,29,0.06791666666666667,0.7619047619047619,0.022228918539312546,0.057833368074759806
Adolfo Suárez,45,0.06145833333333333,0.8421052631578947,0.031009428773745046,0.07603279013049967
José Luis Cortina,140,0.04027777777777777,0.9411764705882353,0.07723983837707307,0.28021402521871436
Juan García Carrés,111,0.03576388888888889,0.9411764705882353,0.061925678910594466,0.211708287979071
Manuel Gutiérrez Mellado,88,0.028819444444444443,0.9411764705882353,0.05190566556646103,0.1564801965028157
Felipe González,92,0.022291666666666664,0.8888888888888888,0.05304184823709899,0.16761236524012735
Santiago Carrillo,46,0.01388888888888889,0.8,0.030936990341152056,0.07860484951846616
Leopoldo Calvo-Sotelo,58,0.003125,0.8888888888888888,0.03798774712727825,0.09846882715317512
Alfonso Armada,262,0.0,0.8888888888888888,0.13345775598696277,0.4662578013140465
Juan Carlos I,228,0.0,1.0,0.12241942973178613,0.395980808023646
Jaime Milans del Bosch,205,0.0,0.9411764705882353,0.10698641661605914,0.3791089257340858
Antonio Tejero,260,0.0,0.9411764705882353,0.13388343340650896,0.4620194642657201
