actor,degree,betweenness,closeness,pagerank,eigenvector,degree_norm,betweenness_norm,rol
Alfonso Armada,262,0.0,0.8888888888888888,0.13345775598696277,0.4662578013140465,1.0,0.0,Núcleo
Antonio Tejero,260,0.0,0.9411764705882353,0.13388343340650896,0.4620194642657201,0.9923664122137404,0.0,Núcleo
Juan Carlos I,228,0.0,1.0,0.12241942973178613,0.395980808023646,0.8702290076335878,0.0,Núcleo
Jaime Milans del Bosch,205,0.0,0.9411764705882353,0.10698641661605914,0.3791089257340858,0.7824427480916031,0.0,Núcleo
José Luis Cortina,140,0.04027777777777777,0.9411764705882353,0.07723983837707307,0.28021402521871436,0.5343511450381679,0.08128941836019621,Núcleo
Juan García Carrés,111,0.03576388888888889,0.9411764705882353,0.061925678910594466,0.211708287979071,0.42366412213740456,0.07217939733707077,Núcleo
Luis Torres Rojas,118,0.09562500000000003,0.8888888888888888,0.06338801597335528,0.2464348227171131,0.45038167938931295,0.1929922915206728,Núcleo-Puente
Felipe González,92,0.022291666666666664,0.8888888888888888,0.05304184823709899,0.16761236524012735,0.3511450381679389,0.044989488437281004,Periferia
Manuel Gutiérrez Mellado,88,0.028819444444444443,0.9411764705882353,0.05190566556646103,0.1564801965028157,0.33587786259541985,0.058163980378416254,Periferia
Leopoldo Calvo-Sotelo,58,0.003125,0.8888888888888888,0.03798774712727825,0.09846882715317512,0.22137404580152673,0.006306937631394534,Periferia
Santiago Carrillo,46,0.01388888888888889,0.8,0.030936990341152056,0.07860484951846616,0.17557251908396945,0.02803083391730904,Periferia
Adolfo Suárez,45,0.06145833333333333,0.8421052631578947,0.031009428773745046,0.07603279013049967,0.1717557251908397,0.1240364400840925,Puente
Francisco Laína,42,0.09250000000000001,0.8888888888888888,0.029187377332878524,0.07348872309981665,0.16030534351145037,0.18668535388927823,Puente
Sánchez Valiente,29,0.06791666666666667,0.7619047619047619,0.022228918539312546,0.057833368074759806,0.11068702290076336,0.1370707778556412,Puente
Sabino Fernández Campo,19,0.4954861111111111,0.7619047619047619,0.019123036308782676,0.03553204484141117,0.07251908396946564,1.0,Puente
Alexander Haig,10,0.0923611111111111,0.6153846153846154,0.013767399991557155,0.015205719685240439,0.03816793893129771,0.1864050455501051,Puente
Emilio Manglano,5,0.23541666666666666,0.5714285714285714,0.011511018779393872,0.008489589683030697,0.019083969465648856,0.4751226348983882,Puente
