id_doc,fecha_doc,hora,hora_decimal,contexto,marcador_explicito
1696,1981-02-24,03:30,3.5,"F. 2. UNIDAD MILITAR ""PRADO"". CINTA 1. CARA 1. 3,30h. de la madrugada del día 24. Llamada a la centralita de una persona que pide l",True
1696,1981-02-24,17:00,17.0,"argento OVIDIO GOMEZ, este le dice que posiblemente podrá salir a partir de las 17,00 horas. Sin interés. Llamada desde Punta Umbria (Huelva) a la extensión 451, es el pa",True
1700,1981-02-23,09:30,9.5,"o varias Unidades especiales de Policía Nacional (Escuadron GEO, y tanquetas). 09,30 Hotel Palace/11 Guardias quieren salir y parecer ser que los van a dejar. 09'48",True
1700,1981-02-23,10:00,10.0,"orden del TCOL. TEJERO. Salen 8 diputados/Gabriel Cisneros sale en ambulancia. 10,00 Hotel Palace/Los once Guardias que se entregaron que se entregaron son trasladado",True
1700,1981-02-23,10:50,10.833333333333334,"a JUJEM diciendo que la mayoría de los diputados podrían salir en diez minutos. A las 10'50 horas se desmintió por radio este comunicado. 10,40 Radio/ Se sabe que están en habi",True
1701,1981-02-23,20:57,20.95,ICIO RADIOTELEGRAFICO DE LA GUARDIA CIVIL Radio n.°: P. ... Horas: Dp. ... Bb. 20'57 Fecha: 23 FEB 1981 EL OPERADOR TELEX NUMERO 191 LERIDA 23/2939 JEFE 422 COMANDA,True
1701,1981-02-23,21:10,21.166666666666668,"CIO RADIOTELEGRAFICO DE LA GUARDIA CIVIL Radio n.°: 23 FEB 1981 P. HORAS, Dp.: 21.10 FECHA: TELEX-TAC NÚM. 1 JAEN 13/1/85 JEFE 100 COMANDAMOIA DIRECTOR GENERAL CUER",True
1701,1981-02-23,10:33,10.55,"Se pasó xerocopia a la 2.ª Sección E. M. MADRID. POR ORDEN GOBERNADOR CIVIL, 10'33 HORAS NOV 10, 11 IDO DECRETO ESTADO ALERTA ESTA PROVINCIA. *** 111ª COMANDANCIA DE",True
1701,1981-02-23,21:16,21.266666666666666,"COMANDANCIA DE LA GUARDIA CIVIL.- MADRID-INTERIOR.- NOTA PARA EMISORA-ALFA. A las 21'16 horas hoy, que los efectivos de Villavisiosa 14 (fuerzas del Ejército), se han marcha",True
1701,1981-02-23,20:30,20.5,"IO HACER DEPURACION EN FASCISIAS EJERCITO, POLICIA Y GUARDIA CIVIL, FINALIZANDO 20'30 HORAS SIN INCIDENTES. NO HAY MAS NOVEDAD POR EL MOMENTO. 1 TEXTO Se para xerocopí",True
1701,1981-02-23,01:39,1.65,N. SEVILLA DIRECTOR GENERAL CUERPO (SECCIÓN ESTADO MAYOR) MADRID SIN NOVEDAD A LAS 1'39 HORAS EN ESTA ZONA SERVICIO RADIO ELETRANCO DE LA GUARDIA CIVIL 10:00 a.m. - P. Hora,True
1701,1981-02-23,10:00,10.0,DAD A LAS 1'39 HORAS EN ESTA ZONA SERVICIO RADIO ELETRANCO DE LA GUARDIA CIVIL 10:00 a.m. - P. Horas: Dp. Rb. 5.25 Fecha: 24 FEB 1959 EL OPERADOR 5693 TEXTO TX-TAC-N,True
1701,1981-02-23,05:25,5.416666666666667,NA SERVICIO RADIO ELETRANCO DE LA GUARDIA CIVIL 10:00 a.m. - P. Horas: Dp. Rb. 5.25 Fecha: 24 FEB 1959 EL OPERADOR 5693 TEXTO TX-TAC-NUM 272 LEON 24/DP/9599 GENERAL,True
1701,1981-02-23,10:00,10.0,SERVICIO RADIOTELEGRAFICO DE LA GUARDIA CIVIL Radio n.º P. 2. Horas: Dp. Hh. 10.00 Fecha: 24 FEB 1981. EL OPERADOR Se pasó xerocopia al Central Telégrafo Se pasó,True
1701,1981-02-23,11:06,11.1,US AGREGADO EN EL MISMO PGC-9329-P. DIGOLO CONOCIMIENTO. TELEFONÉMA Recibido a las 11'06 horas ANÓNIMO a DIRECTOR GENERAL DEL CUERPO TEXTO: Recibida llamada telefónica a,True
1701,1981-02-23,01:24,1.4,LA DIRECTOR GENERAL CUERPO (C/4 SECCION E.M.) ... MADRID SIN NOVEDAD ESTA ZONA A LAS 1'24 HORAS TELEX NUM. 117 SEVILLA 24/81/15 GENERAL JEFF SEGUNDA ZONA ... SEVILLA DIRECTOR,True
1701,1981-02-23,18:45,18.75,"ORDENES CURSADAS - 2 Secciones del Móvil, desplegadas en la Plaza de Neptuno (18'45 horas). - 2 Compañías del CAE, salen de El Escorial para concentrarse en la Dirección",True
1701,1981-02-23,18:45,18.75,salen de El Escorial para concentrarse en la Dirección. (Salida de El Escorial 18'45 horas). - 60 hombres de la Agrupación de Destinos previstos en el patio de la Direcci,True
1701,1981-02-23,19:25,19.416666666666668,60 hombres de la Agrupación de Destinos previstos en el patio de la Dirección. (19'25 horas). - 80 hombres del Centro de Instrucción han salido en dirección a la Plaza Nep,True
1701,1981-02-23,19:25,19.416666666666668,"salido en dirección a la Plaza Neptuno, al mando del Coronel Jefe del Centro. (19'25 horas). 4298506 - final - Trafico Palace MADRID,23.-(EFE) EL PLENO DEL CONGRESO D",True
1701,1981-02-23,06:25,6.416666666666667,"23.-(EFE) EL PLENO DEL CONGRESO DE ESTA TARDE QUEDO VIOLENTAMENTE INTERRUMPIDO A LAS 6,25 HORAS, CUANDO UNA FUERZA DE LA GUARDIA CIVIL, MANDADA AL PARECER POR EL TENIENTE CORO",True
1701,1981-02-23,20:11,20.183333333333334,"RDENES SUPERIORES, TENIAN QUE TRANSMITIR NÚSICA MILITAR, LO QUE ASÍ SE HIZO HASTA LAS 20,11 HORAS, EN QUE SE PROCEDIO A EMITIR OTRO TIPO DE NÚSICA. (EFE).-- 0223 19856W Se pasó",True
1701,1981-02-23,22:00,22.0,"NION DE LA JUNTA DE JEFES DE ESTADO MAYOR COMENZO A LAS NUEVE DE LA NOCHE Y HACIA LAS 22,00 HORAS FUE EMITIDO UN COMUNICADO SOBRE LOS SUCESOS REGISTRADOS EN EL CONGRESO DE LOS D",True
1701,1981-02-23,08:30,8.5,"IFESTO INIGO CAVERO AL TENEIENTE CORONEL TEJERO MADRID 24 (EFE) INIGO CAVERO, A LAS 8,30 HORAS DE HOY, SE DIRIGIO AL TENIENTE CORONEL TEJERO Y, DESABROCHANDOSE LA CAMISA, LE",True
1701,1981-02-23,10:20,10.333333333333334,"OS LOS DIPUTADOS, SENADORES Y MIEMBROS DEL GOBIERNO RETENIDOS DESDE AYER A LLAS 10,20 HORAS POR FUERZAS DE LA GUARDIA CIVIL AL MANDO DEL TENIENTE CORONEL TEJERO. EFE-- 622",True
1701,1981-02-23,18:30,18.5,"DE UN PERIODISTA, TESTIGO PRESENCIAL. MADRID, 23 (EFE).- MINUTOS ANTES DE LAS 18,30 HORAS, CUANDO SE REALIZADA LA VOTACION DE INVESTIGURA DE LEOPOLDO CALVO SOTELO, COMO",True
1745,1981-02-24,11:40,11.666666666666666,"es difundida propaganda invitando a la huelga, que no es secundada. Sobre las 11,40 horas se registra en la calle Lope de Vega de Madrid un enfrentamiento entre grupos d",True
1745,1981-02-24,13:15,13.25,"en algunas ocasiones la Policía Nacional que practica una detención. Sobre las 13,15 horas unos 20 jóvenes alteran el orden público en la calle de Goya esquina a Velazque",True
1745,1981-02-24,00:30,0.5,"ado paros de dos horas. En la localidad de Santa Coloma de Gramanet, sobre las 0,30 horas, desde un vehículo, se han efectuado diversos disparos de metralleta contra la",True
1745,1981-02-24,08:30,8.5,"nos de los cuales han penetrado en el interior, sin causar víctimas. Sobre las 8,30 horas en la estación del Metro de Sagrera, unos 10 jóvenes ocasionaron desperfectos e",True
1745,1981-02-24,19:30,19.5,"xplosivos Rio-Tinto"". En protesta por los sucesos de Madrid, L.K.I. convoca para las 19,30 horas de hoy una manifestación en el Boulevard de San Sebastián, al tiempo que pide l",True
1745,1981-02-24,22:00,22.0,"itud golpista y abogando por la depuración del aparato estatal. En Las Palmas, a las 22,00 horas de ayer, militantes -- del P.C.E. difunden propaganda y realizan pintadas, sien",True
1745,1981-02-24,19:30,19.5,"igo difundida propaganda de M.C.G., M.G.R., L.C.R., convocando a concentración, a las 19,30 horas, en la Puerta del Sol. Siguiendo llamamiento de CC.00. y UGT, se registran par",True
1745,1981-02-24,18:30,18.5,"encia masiva de estudiantes, con acuerdo de concentración en la Plaza de España a las 18,30 horas, y celebrar mañana huelga general y la entrega de un escrito de protesta al Rec",True
1745,1981-02-24,19:15,19.25,"ido propaganda de C.N.T., L.C.R., C.S.U.T. y M.C.A. convocando a concentración, a las 19,15 horas en la Plaza de España, llamamiento que se sabe no será secundado por el PSOE y",True
1745,1981-02-24,19:30,19.5,"arteles suscritos por L.C.R., M.C.A. y P.C.E. (m-1) convocando a concentración, a las 19,30 horas, en la Plaza de Navarra. Asimismo han aparecido pintados letreros contra el ""go",True
1795,1981-02-23,04:00,4.0,"intentando disuadirles de su actitud. El despliegue fue levantado parcialmente a las 04,00 horas del día 24, dejando retenes en cada una de las carreteras y replegando los equi",True
1795,1981-02-23,14:00,14.0,"s equipos a sus instalaciones en alerta del desarrollo de los acontecimientos. A las 14,00 horas del día 24 se repliegan los retenes - mantenidos hasta entonces. ...///... -",True
1795,1981-02-23,04:00,4.0,"intentando disuadirles de su actitud. El despliegue fue levantado parcialmente a las 04,00 horas del día 24, dejando retenes en cada una de las carreteras y replegando los equi",True
1795,1981-02-23,14:00,14.0,"s equipos a sus instalaciones en alerta del desarrollo de los acontecimientos. A las 14,00 horas del día 24 se repliegan los retenes - mantenidos hasta entonces. ...///... -",True
1810,1981-02-23,18:22,18.366666666666667,ransmitía en directo) la Sesión del Congreso del día 23 de Febrero de 1.981. - A las 18'22 horas se produce el impacto de la noticia rápidamente se transmite de unos a otros en,True
1810,1981-02-23,19:00,19.0,eneral - Coronel Gómez López que estaba en el despacho del Secretario General. A las 19'00 horas (aproximadamente) El Secretario General habla con el General JUSTE (Jefe de la,True
1810,1981-02-23,19:30,19.5,"ar y hacer llegar a todo el país la postura de S.M. se decide, aproximadamente, a las 19'30 horas que se transmita por TV y Radio un mensaje por SU MAJESTAD EL REY. - Se habla",True
1810,1981-02-23,20:00,20.0,e por SU MAJESTAD EL REY. - Se habla con Televisión (serán aproximadamente las 20'00 horas) y se sabe que TVE está vigilada y ocupada por una Unidad al mando de un Capitá,True
1810,1981-02-23,20:10,20.166666666666668,Guardia Civil. - Orden a todas las Zonas que den novedades cada media hora. ## 20'10 Horas El General FERNANDEZ CAMPO conoce a través del Teniente General MILANS DEL BOS,True
1810,1981-02-23,20:20,20.333333333333332,oles conocimiento de la actitud y órdenes que está impartiendo S.M. EL REY. ## 20'20 Horas El Secretario General desde su despacho logra comunicación con el TCOL TEJERO,True
1810,1981-02-23,20:00,20.0,"uelga después de decir ""que no recibe órdenes sino de MILANS DEL BOSCH"". Entre 20'00 y 21'00 Horas. - S.M. EL REY recibe llamadas de GABEIRA - ARMADA. - Habla con G",True
1810,1981-02-23,21:00,21.0,"spués de decir ""que no recibe órdenes sino de MILANS DEL BOSCH"". Entre 20'00 y 21'00 Horas. - S.M. EL REY recibe llamadas de GABEIRA - ARMADA. - Habla con General ARMADA",True
1810,1981-02-23,21:35,21.583333333333332,"nes Generales, Zonas Marítimas y Regiones Aéreas el siguiente télex: (que salió a las 21'35 horas Zulú) (22'35 hora oficial española). ""ANTE SITUACION CREADA POR SUCESOS DESARR",True
1810,1981-02-23,22:35,22.583333333333332,"timas y Regiones Aéreas el siguiente télex: (que salió a las 21'35 horas Zulú) (22'35 hora oficial española). ""ANTE SITUACION CREADA POR SUCESOS DESARROLLADOS PALACIO CO",True
1810,1981-02-23,21:30,21.5,"que TVE envíe un equipo de Grabación, después de conocer, so- -- 6 -- bre las 21,30 horas, que las fuerzas se retiran de Prado del Rey. ## A las 22'00 horas. - La JUJE",True
1810,1981-02-23,22:00,22.0,"-- 6 -- bre las 21,30 horas, que las fuerzas se retiran de Prado del Rey. ## A las 22'00 horas. - La JUJEM hace pública una nota: ""Se han tomado las Medidas necesarias para",True
1810,1981-02-23,22:30,22.5,"Civiles de todas las provincias, excepto Valencia, controlan la situación. ## A las 22'30 horas. TVE anuncia que S.M. EL REY se dirigirá a la Nación. ## A las 22'35 horas -",True
1810,1981-02-23,22:35,22.583333333333332,"## A las 22'30 horas. TVE anuncia que S.M. EL REY se dirigirá a la Nación. ## A las 22'35 horas - Conversaciones con MILANS DEL BOSCH para, de forma definitiva, retire las Un",True
1810,1981-02-23,23:30,23.5,es que las de MILANS DEL BOSCH. Rechaza ofrecimiento de ARMADA de un avión. ## A las 23'30 horas Llega un equipo de TVE a Zarzuela:. - 7 - A las 24'00 Horas. Entra S.M. EL,True
1810,1981-02-23,00:30,0.5,apitán General (uniforme número 2 - Tierra) y se inicia la Grabación. DIA 24.- A las 00'30 Horas. - Sale video con la grabación a TVE. - General JUSTE por teléfono con Genera,True
1810,1981-02-23,00:35,0.5833333333333334,"ado"" la Unidad de P.M. y que va al frente de ella el Comandante PARDO ZANCADA. 00'35 horas de 24-2-81 Habla SABINO con FERNANDO CASTEDO para pedirle que se transmita cua",True
1810,1981-02-23,00:45,0.75,"te he dicho"". - A continuación se transmite los anterior Por Télex a Valencia (00,45 del 24-2-81.- Hora Zulú) (01'45 de 24-2-81. hora oficial española). (Se adjunta",True
1810,1981-02-23,01:45,1.75,"se transmite los anterior Por Télex a Valencia (00,45 del 24-2-81.- Hora Zulú) (01'45 de 24-2-81. hora oficial española). (Se adjunta fotocopia) - El Teniente Genera",True
1810,1981-02-23,02:30,2.5,ue transmita por Télex a Zarzuela las órdenes que haya dado anulando el Bando. 02'30 h. de 24-2-81 El Secretario General llama a la JUJFM explicando la conversación,True
1810,1981-02-23,04:00,4.0,L BOSCH en la que éste le había dicho que el TCOL. TEJERO no le hacía ya caso. A las 04'00 H. del 24-2-81 - Se contacta con el General JUSTE que dice al General FERNANDEZ,True
1810,1981-02-23,05:10,5.166666666666667,". Dice que TEJERO no le obedece. Vuelve a insistir en la solución ""ARMADA"" - A las 05'10 (hora Zulú igual a 06'10 hora oficial española) de 24-2-81 se recibe el télex si",True
1810,1981-02-23,06:10,6.166666666666667,"e. Vuelve a insistir en la solución ""ARMADA"" - A las 05'10 (hora Zulú igual a 06'10 hora oficial española) de 24-2-81 se recibe el télex siguiente de Valencia: ""Ruego",True
1810,1981-02-23,10:00,10.0,tablecido con motivo de la Vista 2/81 del Consejo Supremo de Justicia Militar. A las 10'00 horas de hoy se reanuda la Vista continuándose a instancias del abogado defensor del,True
1810,1981-02-23,14:00,14.0,"RES solicita la lectura de diversas diligencias que son leídas por el relator. A las 14'00 horas se suspende la Vista hasta las 16'00. A las 16'05 se reanuda la Vista, continu",True
1810,1981-02-23,10:00,10.0,"ZANCADA y otras diligencias, el Sr. Presidente suspendió la Vista hasta mañana a las 10'00 horas. Madrid, 1 de Marzo de 1982 1.001.3.3.101.4.3-04 # NOTA INFORMATIVA ASUNTO:",True
1810,1981-02-23,10:00,10.0,"icia Militar. ## 1.- DESARROLLO DE LA SESIÓN CORRESPONDIENTE AL DÍA 01-03-82. A las 10'00 horas se inicia la sesión, continuando en el turno de petición de lectura de diligenc",True
1810,1981-02-23,11:25,11.416666666666666,"defensor del General ARMADA, que dió por terminada su intervención en esta fase a las 11'25 horas. A continuación el Presidente de la Sala concedió el turno al letrado Sr. QUIN",True
1810,1981-02-23,14:00,14.0,"DEZ, Comandante PANDO y Sr. GARCÍA CARRÉS), que consumió el resto de la mañana (14'00 horas). A las 16'00 horas se reanuda la vista oral, continuando en el uso de turno e",True
1810,1981-02-23,16:00,16.0,"PANDO y Sr. GARCÍA CARRÉS), que consumió el resto de la mañana (14'00 horas). A las 16'00 horas se reanuda la vista oral, continuando en el uso de turno el Sr. DE MIGUEL, que",True
1810,1981-02-23,18:00,18.0,"MIGUEL, que no había aun terminado su intervención cuando se levantó la sesión a las 18'00 horas. En general el ambiente inicial puede calificarse entre sereno y o, pectante —",True
1810,1981-02-23,18:40,18.666666666666668,"rdena la ""alerta 2"". Recibió una llamada del Teniente General MILANS DEL BOCH (18'40 horas) y de S.M. a cuyas órdenes se puso. El 24-F fue llamado por un Ayudante de S.M.",True
1810,1981-02-23,18:00,18.0,"efectos de cesión y sin más incidencias dignas de mención se suspendió la Vista a las 18'00 horas hasta las 10'00 de la mañana del día 4. Madrid, 2 de Marzo de 1982 22 MAY 198",True
1810,1981-02-23,10:00,10.0,"n más incidencias dignas de mención se suspendió la Vista a las 18'00 horas hasta las 10'00 de la mañana del día 4. Madrid, 2 de Marzo de 1982 22 MAY 1982 NOTA INFORMATI",True
1810,1981-02-23,18:15,18.25,"in más incidencias dignas de ser señaladas, el Sr. Presidente suspende la Vista a las 18'15 hasta las 10'00 horas del próximo lunes día 8. Madrid, 5 de Marzo de 1982 DIE N",True
1810,1981-02-23,10:00,10.0,"as dignas de ser señaladas, el Sr. Presidente suspende la Vista a las 18'15 hasta las 10'00 horas del próximo lunes día 8. Madrid, 5 de Marzo de 1982 DIE N/RF8:C/DI3/3770 /5-3",True
1810,1981-02-23,16:00,16.0,"ía Alvaro Arenas. A las 14'00, el Presidente de la Sala suspendió la vista hasta las 16'00 horas. Las únicas incidencias de la mañana han sido las protestas a efectos de casac",True
1810,1981-02-23,10:00,10.0,"no, al interrumpirse la sesión a petición del Coronel Escandell, hasta el lunes a las 10'00 horas. ## 2.- INCIDENCIAS E IMPRESIONES EN TORNO AL DESARROLLO DE LA SESI Defensa d",True
1810,1981-02-23,17:00,17.0,"HOS. ASIMISMO TODO EL PERSONAL DE CAPITANIA, QUE SALIA NORMALMENTE DE CAPITANIA A LAS 17'00. PERMANECIA ALLI A LA HORA DE LLEGADA DEL JEFE DEL SECTOR. SE SUPO TAMBIEN QUE",True
1810,1981-02-23,23:15,23.25,"COMANDANTE LOBO DE LA CASA REAL, INSISTIENDO SE ACUSASE RECIBO DE UN TELEX QUE A LAS 23'15 HABIA ENVIADO LA CASA REAL A CAPITANIA, Y CASI DOS HORAS MAS TARDE SE LE ACUSABA",True
1810,1981-02-23,17:38,17.633333333333333,ÓN. LO SABÍA DESDE LA MARANA DEL DÍA 23 Y LO COMUNICÓ AL PERSONAL DE SU SECCIÓN A LAS 17'38 HORAS. SEGÚN COMENTARIOS DEL MENCIONADO COMANDANTE. EL INCIDENTE ESTABA PROPICIADO P,True
1810,1981-02-23,08:10,8.166666666666666,YA QUE NO COINCIDRÁN CON NADA DE LO DICHO ANTERIORMENTE. ...HORA DE RECEPCIÓN: 08.10 Y...,True
